{"cameraMode":{"drawMode":0,"name":"Shaded","section":"Shading Mode"},"sceneLighting":true,"audioPlay":false,"sceneViewState":{"showFog":true,"showMaterialUpdate":true,"showSkybox":true,"showFlares":true,"showImageEffects":true,"showParticleSystems":true,"showVisualEffectGraphs":true,"m_FxEnabled":true},"in2DMode":false,"pivot":{"x":-10.240790367126465,"y":18.474735260009767,"z":1.1258713006973267},"rotation":{"x":0.4909000098705292,"y":0.13503028452396394,"z":-0.07669442147016525,"w":0.8574188351631165},"size":2.8231098651885988,"orthographic":false}