{"cameraMode":{"drawMode":0,"name":"Shaded","section":"Shading Mode"},"sceneLighting":true,"audioPlay":false,"sceneViewState":{"showFog":true,"showMaterialUpdate":true,"showSkybox":true,"showFlares":true,"showImageEffects":true,"showParticleSystems":true,"showVisualEffectGraphs":true,"m_FxEnabled":true},"in2DMode":false,"pivot":{"x":3.3005735874176027,"y":-13.034571647644043,"z":9.634827613830567},"rotation":{"x":0.5569308996200562,"y":-0.07464824616909027,"z":0.05069677159190178,"w":0.8257611393928528},"size":14.237503051757813,"orthographic":false}