{"cameraMode":{"drawMode":0,"name":"Shaded","section":"Shading Mode"},"sceneLighting":true,"audioPlay":false,"sceneViewState":{"showFog":true,"showMaterialUpdate":true,"showSkybox":true,"showFlares":true,"showImageEffects":true,"showParticleSystems":true,"showVisualEffectGraphs":true,"m_FxEnabled":true},"in2DMode":false,"pivot":{"x":24.435447692871095,"y":24.822757720947267,"z":1.057547688484192},"rotation":{"x":-0.45427876710891726,"y":0.38991406559944155,"z":-0.23138482868671418,"w":-0.7670034766197205},"size":1.9249651432037354,"orthographic":false}