{"cameraMode":{"drawMode":0,"name":"Shaded","section":"Shading Mode"},"sceneLighting":false,"audioPlay":false,"sceneViewState":{"showFog":true,"showMaterialUpdate":true,"showSkybox":false,"showFlares":true,"showImageEffects":true,"showParticleSystems":true,"showVisualEffectGraphs":true,"m_FxEnabled":true},"in2DMode":false,"pivot":{"x":2.8123438358306886,"y":1.1859197616577149,"z":3.271087408065796},"rotation":{"x":0.23684178292751313,"y":-0.3120778501033783,"z":0.08071062713861466,"w":0.9165475964546204},"size":0.4217047691345215,"orthographic":false}