{"cameraMode":{"drawMode":0,"name":"Shaded","section":"Shading Mode"},"sceneLighting":false,"audioPlay":false,"sceneViewState":{"showFog":true,"showMaterialUpdate":true,"showSkybox":false,"showFlares":true,"showImageEffects":true,"showParticleSystems":true,"showVisualEffectGraphs":true,"m_FxEnabled":true},"in2DMode":false,"pivot":{"x":-2.2454397678375246,"y":5.129412651062012,"z":10.256872177124024},"rotation":{"x":-0.024728918448090555,"y":-0.9656737446784973,"z":0.23876143991947175,"w":-0.09970269352197647},"size":1.629906177520752,"orthographic":false}